{"cameraMode":{"drawMode":0,"name":"Shaded","section":"Shading Mode"},"sceneLighting":false,"audioPlay":false,"sceneViewState":{"m_AlwaysRefresh":false,"showFog":true,"showSkybox":true,"showFlares":true,"showImageEffects":true,"showParticleSystems":true,"showVisualEffectGraphs":true,"m_FxEnabled":true},"in2DMode":false,"pivot":{"x":-0.15851254761219026,"y":0.6587374210357666,"z":0.8904377222061157},"rotation":{"x":-0.004515495151281357,"y":-0.6580108404159546,"z":-0.003950957674533129,"w":0.7529924511909485},"size":1.0689517259597779,"orthographic":false}